"image_th","image_width","image_height"
"20070203@013157-s","400","225"
"20070203@013157-xl","1000","563"
"20070203@015142-s","400","300"
"20070203@015142-xl","1000","750"
"20070409@191842-s","400","265"
"20070409@191842-xl","1000","662"
"20070409@192135-s","400","265"
"20070409@192135-xl","1000","663"
"20071102@122530-s","265","400"
"20071102@122530-xl","662","1000"
"20071102@122710-s","265","400"
"20071102@122710-xl","662","1000"
"20071102@123257-s","400","265"
"20071102@123257-xl","1000","663"
"20071102@131402-s","400","260"
"20071102@131402-xl","1000","649"
"20071102@133856-s","265","400"
"20071102@133856-xl","663","1000"
"20071102@175254-s","400","265"
"20071102@175254-xl","1000","662"
"20071102@175733-s","265","400"
"20071102@175733-xl","662","1000"
"20071103@120946-s","265","400"
"20071103@120946-xl","662","1000"
"20071103@121000-s","400","265"
"20071103@121000-xl","1000","662"
"20071103@131548-s","400","265"
"20071103@131548-xl","1000","662"
"20071103@131812-s","265","400"
"20071103@131812-xl","663","1000"
"20080120@005149-s","265","400"
"20080120@005149-xl","662","1000"
"20080711@161225-s","400","265"
"20080711@161225-xl","1000","663"
"20080711@161335-s","265","400"
"20080711@161335-xl","663","1000"
"20080816@141724-s","265","400"
"20080816@141724-xl","663","1000"
"20080816@141909-s","265","400"
"20080816@141909-xl","662","1000"
"20080816@144229-s","400","225"
"20080816@144229-xl","1000","562"
"20080816@151105-s","400","265"
"20080816@151105-xl","1000","663"
"20080826@171413-s","265","400"
"20080826@171413-xl","662","1000"
"20080827@061338-s","400","265"
"20080827@061338-xl","1000","662"
"20080827@073520-s","265","400"
"20080827@073520-xl","662","1000"
"20080827@214411-s","400","225"
"20080827@214411-xl","1000","563"
"20090131@010755-s","400","225"
"20090131@010755-xl","1000","562"
"20090405@185057-s","400","265"
"20090405@185057-xl","1000","662"
"20090502@151923-s","400","265"
"20090502@151923-xl","1000","663"
"20090502@152232-s","400","265"
"20090502@152232-xl","1000","663"
"20090718@135354-s","265","400"
"20090718@135354-xl","663","1000"
"20090718@135515-s","400","265"
"20090718@135515-xl","1000","663"
"20090718@135557-s","400","265"
"20090718@135557-xl","1000","663"
"20090801@201236-s","265","400"
"20090801@201236-xl","663","1000"
"20090801@202517-s","400","265"
"20090801@202517-xl","1000","663"
"20090801@204115-s","265","400"
"20090801@204115-xl","662","1000"
"20090804@155225-s","265","400"
"20090804@155225-xl","663","1000"
"20090807@212005-s","265","400"
"20090807@212005-xl","663","1000"
"20090912@172250-s","400","265"
"20090912@172250-xl","1000","663"
"20091227@001047-s","400","265"
"20091227@001047-xl","1000","663"
"20091227@001810-s","400","265"
"20091227@001810-xl","1000","663"
"20091227@002858-s","400","265"
"20091227@002858-xl","1000","662"
"20091227@003548-s","400","265"
"20091227@003548-xl","1000","662"
"20091227@004324-s","400","265"
"20091227@004324-xl","1000","663"
"20091227@005136-s","400","265"
"20091227@005136-xl","1000","663"
"20100103@160240-s","400","225"
"20100103@160240-xl","1000","562"
"20100103@162321-s","400","265"
"20100103@162321-xl","1000","663"
"20100227@231807-s","400","265"
"20100227@231807-xl","1000","663"
"20100227@232324-s","400","265"
"20100227@232324-xl","1000","663"
"20100227@233540-s","400","265"
"20100227@233540-xl","1000","663"
"20100414@192642-s","400","265"
"20100414@192642-xl","1000","663"
"20100414@193352-s","400","265"
"20100414@193352-xl","1000","662"
"20100508@163007-s","400","265"
"20100508@163007-xl","1000","663"
"20100508@163233-s","400","265"
"20100508@163233-xl","1000","663"
"20100508@163710-s","400","265"
"20100508@163710-xl","1000","662"
"20100508@164935-s","400","265"
"20100508@164935-xl","1000","663"
"20100508@175426-s","400","265"
"20100508@175426-xl","1000","663"
"20100508@181226-s","400","265"
"20100508@181226-xl","1000","663"
"20100620@113804-s","400","265"
"20100620@113804-xl","1000","662"
"20100621@104409-s","400","265"
"20100621@104409-xl","1000","663"
"20100621@112132-s","400","265"
"20100621@112132-xl","1000","663"
"20100621@112158-s","400","265"
"20100621@112158-xl","1000","663"
"20100622@173748-s","400","265"
"20100622@173748-xl","1000","662"
"20100710@102556-s","400","265"
"20100710@102556-xl","1000","663"
"20100710@142420-s","400","265"
"20100710@142420-xl","1000","663"
"20100710@150018-s","400","265"
"20100710@150018-xl","1000","663"
"20100718@113305-s","400","265"
"20100718@113305-xl","1000","662"
"20100731@184019-s","400","265"
"20100731@184019-xl","1000","663"
"20100731@184259-s","400","265"
"20100731@184259-xl","1000","662"
"20100810@135504-s","400","265"
"20100810@135504-xl","1000","662"
"20100810@135918-s","265","400"
"20100810@135918-xl","663","1000"
"20100811@183227-s","400","265"
"20100811@183227-xl","1000","662"
"20100815@142752-s","265","400"
"20100815@142752-xl","663","1000"
"20100815@142821-s","400","265"
"20100815@142821-xl","1000","663"
"20101014@143826-s","400","265"
"20101014@143826-xl","1000","661"
"20101014@143919-s","400","265"
"20101014@143919-xl","1000","662"
"20101216@075158-s","400","265"
"20101216@075158-xl","1000","663"
"20101216@081137-s","265","400"
"20101216@081137-xl","663","1000"
"20101216@081940-s","400","265"
"20101216@081940-xl","1000","663"
"20101216@082347-s","400","225"
"20101216@082347-xl","1000","563"
"20101216@082723-s","400","225"
"20101216@082723-xl","1000","563"
"20110603@101944-s","400","225"
"20110603@101944-xl","1000","562"
"20110603@101957-s","400","226"
"20110603@101957-xl","1000","564"
"20110808@142754-s","375","300"
"20110808@142754-xl","960","768"
"20110808@142922-s","375","300"
"20110808@142922-xl","960","768"
"20110808@143132-s","375","300"
"20110808@143132-xl","960","768"
"20110808@143626-s","375","300"
"20110808@143626-xl","960","768"
"20110808@143752-s","375","300"
"20110808@143752-xl","960","768"
"20110808@143924-s","375","300"
"20110808@143924-xl","960","768"
"20110808@144023-s","375","300"
"20110808@144023-xl","960","768"
"20110808@144154-s","375","300"
"20110808@144154-xl","960","768"
"20110808@144228-s","375","300"
"20110808@144228-xl","960","768"
"20110808@144634-s","375","300"
"20110808@144634-xl","960","768"
"20110808@144752-s","375","300"
"20110808@144752-xl","960","768"
"20110808@145016-s","375","300"
"20110808@145016-xl","960","768"
"20110808@145057-s","375","300"
"20110808@145057-xl","960","768"
"20110808@145137-s","375","300"
"20110808@145137-xl","960","768"
"20110808@145239-s","375","300"
"20110808@145239-xl","960","768"
"20110808@145412-s","375","300"
"20110808@145412-xl","960","768"
"20110808@145613-s","375","300"
"20110808@145613-xl","960","768"
"20110808@145643-s","375","300"
"20110808@145643-xl","960","768"
"20110808@150020-s","375","300"
"20110808@150020-xl","960","768"
"20110808@150343-s","375","300"
"20110808@150343-xl","960","768"
"20110808@150548-s","375","300"
"20110808@150548-xl","960","768"
"20110808@150948-s","375","300"
"20110808@150948-xl","960","768"
"20110808@151026-s","375","300"
"20110808@151026-xl","960","768"
"20110808@151344-s","375","300"
"20110808@151344-xl","960","768"
"20110808@151435-s","375","300"
"20110808@151435-xl","960","768"
"20110808@151526-s","375","300"
"20110808@151526-xl","960","768"
"20110808@151634-s","375","300"
"20110808@151634-xl","960","768"
"20110808@151829-s","375","300"
"20110808@151829-xl","960","768"
"20110808@152154-s","375","300"
"20110808@152154-xl","960","768"
"20110808@152516-s","375","300"
"20110808@152516-xl","960","768"
"20110808@152756-s","375","300"
"20110808@152756-xl","960","768"
"20110808@153043-s","375","300"
"20110808@153043-xl","960","768"
"20110808@154557-s","375","300"
"20110808@154557-xl","960","768"
"20110808@154615-s","375","300"
"20110808@154615-xl","960","768"
"20110808@154757-s","375","300"
"20110808@154757-xl","960","768"
"20110808@154944-s","375","300"
"20110808@154944-xl","960","768"
"20111026@114501-s","300","400"
"20111026@114501-xl","750","1000"
"20111026@115634-s","300","400"
"20111026@115634-xl","750","1000"
"20111026@115849-s","300","400"
"20111026@115849-xl","750","1000"
"20111026@115934-s","400","300"
"20111026@115934-xl","1000","750"
"20120409@124411-s","400","265"
"20120409@124411-xl","1000","662"
"20120409@124624-s","265","400"
"20120409@124624-xl","662","1000"
"20120422@190539-s","400","265"
"20120422@190539-xl","1000","662"
"20120722@162209-s","400","225"
"20120722@162209-xl","1000","562"
"20120722@165445-s","400","301"
"20120722@165445-xl","1000","752"
"20120804@155638-s","400","265"
"20120804@155638-xl","1000","663"
"20120804@160343-s","400","265"
"20120804@160343-xl","1000","663"
"20120804@160529-s","265","400"
"20120804@160529-xl","663","1000"
"20120804@160542-s","265","400"
"20120804@160542-xl","663","1000"
"20120804@161049-s","400","265"
"20120804@161049-xl","1000","663"
"20120804@161430-s","400","265"
"20120804@161430-xl","1000","663"
"20120804@161559-s","400","265"
"20120804@161559-xl","1000","663"
"20120804@162958-s","265","400"
"20120804@162958-xl","663","1000"
"20120804@165642-s","265","400"
"20120804@165642-xl","663","1000"
"20120804@165740-s","400","265"
"20120804@165740-xl","1000","663"
"20120804@165912-s","400","265"
"20120804@165912-xl","1000","663"
"20120804@172830-s","400","265"
"20120804@172830-xl","1000","663"
"20120804@173027-s","400","265"
"20120804@173027-xl","1000","663"
"20120804@173654-s","400","265"
"20120804@173654-xl","1000","663"
"20120804@173814-s","265","400"
"20120804@173814-xl","663","1000"
"20120804@173827-s","265","400"
"20120804@173827-xl","663","1000"
"20120804@173916-s","265","400"
"20120804@173916-xl","663","1000"
"20120804@173931-s","265","400"
"20120804@173931-xl","663","1000"
"20120804@174615-s","400","265"
"20120804@174615-xl","1000","663"
"20120804@174723-s","400","265"
"20120804@174723-xl","1000","663"
"20120804@174758-s","400","265"
"20120804@174758-xl","1000","663"
"20120804@174845-s","400","265"
"20120804@174845-xl","1000","663"
"20120804@174959-s","400","265"
"20120804@174959-xl","1000","663"
"20120825@165053-s","400","301"
"20120825@165053-xl","1000","753"
"20120825@165529-s","400","301"
"20120825@165529-xl","1000","751"
"20120825@172647-s","400","301"
"20120825@172647-xl","1000","752"
"20120825@172845-s","400","301"
"20120825@172845-xl","1000","752"
"20120829@120612-s","301","400"
"20120829@120612-xl","752","1000"
"20120829@120817-s","301","400"
"20120829@120817-xl","752","1000"
"20120829@121045-s","301","400"
"20120829@121045-xl","752","1000"
"20120829@122254-s","301","400"
"20120829@122254-xl","752","1000"
"20120829@142519-s","301","400"
"20120829@142519-xl","752","1000"
"20120829@142546-s","301","400"
"20120829@142546-xl","752","1000"
"20120829@143120-s","301","400"
"20120829@143120-xl","752","1000"
"20120829@143611-s","301","400"
"20120829@143611-xl","752","1000"
"20120829@144721-s","301","400"
"20120829@144721-xl","752","1000"
"20120829@145219-s","400","301"
"20120829@145219-xl","1000","753"
"20120829@161924-s","301","400"
"20120829@161924-xl","752","1000"
"20120831@165121-s","400","301"
"20120831@165121-xl","1000","752"
"20120919@102402-s","400","400"
"20120919@102402-xl","1000","1000"
"20120919@102552-s","400","400"
"20120919@102552-xl","1000","1000"
"20120919@110501-s","400","400"
"20120919@110501-xl","1000","1000"
"20120919@112055-s","400","400"
"20120919@112055-xl","1000","1000"
"20121006@152456-s","301","400"
"20121006@152456-xl","752","1000"
"20121226@123211-s","400","225"
"20121226@123211-xl","1000","563"
"20121226@123826-s","400","225"
"20121226@123826-xl","1000","562"
"20121226@124033-s","400","225"
"20121226@124033-xl","1000","562"
"20121226@125048-s","301","400"
"20121226@125048-xl","752","1000"
"20121226@125648-s","400","225"
"20121226@125648-xl","1000","562"
"20121226@130757-s","400","225"
"20121226@130757-xl","1000","563"
"20121226@131218-s","400","225"
"20121226@131218-xl","1000","563"
"20121226@131244-s","400","225"
"20121226@131244-xl","1000","563"
"20121229@154517-s","400","301"
"20121229@154517-xl","1000","752"
"20121229@154704-s","400","301"
"20121229@154704-xl","1000","752"
"20121229@155522-s","400","301"
"20121229@155522-xl","1000","752"
"20121229@155835-s","400","301"
"20121229@155835-xl","1000","752"
"20121229@161209-s","400","301"
"20121229@161209-xl","1000","752"
"20121229@161338-s","400","301"
"20121229@161338-xl","1000","751"
"20121229@161533-s","400","301"
"20121229@161533-xl","1000","752"
"20121229@162027-s","400","301"
"20121229@162027-xl","1000","752"
"20121231@113845-s","400","225"
"20121231@113845-xl","1000","563"
"20121231@113949-s","400","225"
"20121231@113949-xl","1000","563"
"20130104@150152-s","400","225"
"20130104@150152-xl","1000","562"
"20130104@151201-s","400","225"
"20130104@151201-xl","1000","562"
"20130105@162004-s","400","301"
"20130105@162004-xl","1000","752"
"20130105@162254-s","400","301"
"20130105@162254-xl","1000","752"
"20130105@163022-s","400","301"
"20130105@163022-xl","1000","752"
"20130105@163050-s","400","301"
"20130105@163050-xl","1000","752"
"20130105@163105-s","400","301"
"20130105@163105-xl","1000","752"
"20130105@163205-s","400","301"
"20130105@163205-xl","1000","752"
"20130714@141431-s","400","225"
"20130714@141431-xl","1000","563"
"20130714@141938-s","400","225"
"20130714@141938-xl","1000","563"
"20130714@145901-s","400","225"
"20130714@145901-xl","1000","563"
"20130728@153932-s","400","301"
"20130728@153932-xl","1000","752"
"20130728@154854-s","400","301"
"20130728@154854-xl","1000","752"
"20130816@213222-s","400","300"
"20130816@213222-xl","1023","768"
"20130816@213333-s","400","300"
"20130816@213333-xl","1023","768"
"20130816@213511-s","400","300"
"20130816@213511-xl","1023","768"
"20130816@213608-s","225","300"
"20130816@213608-xl","577","768"
"20130816@214057-s","400","300"
"20130816@214057-xl","1023","768"
"20130816@214506-s","400","300"
"20130816@214506-xl","1023","768"
"20130816@214554-s","225","300"
"20130816@214554-xl","577","768"
"20130816@214611-s","225","300"
"20130816@214611-xl","577","768"
"20130816@215103-s","400","300"
"20130816@215103-xl","1023","768"
"20130816@215239-s","225","300"
"20130816@215239-xl","577","768"
"20130816@215307-s","225","300"
"20130816@215307-xl","577","768"
"20130816@215543-s","225","300"
"20130816@215543-xl","577","768"
"20130816@215545-s","225","300"
"20130816@215545-xl","577","768"
"20130816@215719-s","225","300"
"20130816@215719-xl","577","768"
"20130816@215852-s","400","300"
"20130816@215852-xl","1023","768"
"20130816@220817-s","225","300"
"20130816@220817-xl","577","768"
"20130816@221749-s","400","300"
"20130816@221749-xl","1023","768"
"20130816@221923-s","400","300"
"20130816@221923-xl","1023","768"
"20130816@223753-s","400","300"
"20130816@223753-xl","1023","768"
"20130816@224010-s","400","300"
"20130816@224010-xl","1023","768"
"20131013@154645-s","400","400"
"20131013@154645-xl","1000","1000"
"20131020@155358-s","400","225"
"20131020@155358-xl","1000","563"
"20131027@161904-s","400","225"
"20131027@161904-xl","1000","563"
"20131027@163009-s","400","225"
"20131027@163009-xl","1000","562"
"20131027@164306-s","400","301"
"20131027@164306-xl","1000","752"
"20131027@165035-s","400","301"
"20131027@165035-xl","1000","752"
"20131027@170201-s","400","301"
"20131027@170201-xl","1000","752"
"20131027@170643-s","400","301"
"20131027@170643-xl","1000","752"
"20140102@121527-s","301","400"
"20140102@121527-xl","753","1000"
"20140102@123824-s","400","225"
"20140102@123824-xl","1000","563"
"20140102@123829-s","400","225"
"20140102@123829-xl","1000","563"
"20140102@124215-s","400","225"
"20140102@124215-xl","1000","563"
"20140102@125536-s","400","225"
"20140102@125536-xl","1000","563"
"20140111@190723-s","400","225"
"20140111@190723-xl","1000","562"
"20140222@150337-s","400","225"
"20140222@150337-xl","1000","563"
"20140405@120620-s","400","301"
"20140405@120620-xl","1000","751"
"20140405@120714-s","400","300"
"20140405@120714-xl","1000","751"
"20140405@121446-s","301","400"
"20140405@121446-xl","751","1000"
"20140405@123715-s","400","301"
"20140405@123715-xl","1000","751"
"20140405@123758-s","400","301"
"20140405@123758-xl","1000","751"
"20140405@124615-s","400","301"
"20140405@124615-xl","1000","751"
"20140405@124638-s","400","301"
"20140405@124638-xl","1000","751"
"20140405@193312-s","400","400"
"20140405@193312-xl","999","1000"
"20140524@193804-s","400","301"
"20140524@193804-xl","1000","751"
"20140628@142028-s","400","225"
"20140628@142028-xl","1000","562"
"20140628@144118-s","400","300"
"20140628@144118-xl","1000","751"
"20140628@144144-s","400","301"
"20140628@144144-xl","1000","751"
"20140628@144356-s","400","300"
"20140628@144356-xl","1000","751"
"20140628@144735-s","400","301"
"20140628@144735-xl","1000","751"
"20140628@145017-s","400","301"
"20140628@145017-xl","1000","751"
"20140628@145200-s","400","301"
"20140628@145200-xl","1000","751"
"20140628@145319-s","301","400"
"20140628@145319-xl","751","1000"
"20140628@152753-s","400","300"
"20140628@152753-xl","1000","751"
"20140628@155625-s","400","225"
"20140628@155625-xl","1000","562"
"20140628@155910-s","400","301"
"20140628@155910-xl","1000","751"
"20140628@160004-s","400","301"
"20140628@160004-xl","1000","751"
"20140711@101003-s","400","301"
"20140711@101003-xl","1000","751"
"20140711@101039-s","400","301"
"20140711@101039-xl","1000","751"
"20140711@103534-s","400","301"
"20140711@103534-xl","1000","751"
"20140711@103707-s","400","301"
"20140711@103707-xl","1000","751"
"20140711@104743-s","400","301"
"20140711@104743-xl","1000","751"
"20140712@094857-s","400","300"
"20140712@094857-xl","1000","751"
"20140712@095132-s","400","301"
"20140712@095132-xl","1000","751"
"20140712@095421-s","400","301"
"20140712@095421-xl","1000","751"
"20140712@095540-s","400","301"
"20140712@095540-xl","1000","751"
"20140712@095745-s","301","400"
"20140712@095745-xl","751","1000"
"20140712@095833-s","400","300"
"20140712@095833-xl","1000","751"
"20140712@110240-s","400","301"
"20140712@110240-xl","1000","751"
"20140712@110728-s","400","301"
"20140712@110728-xl","1000","751"
"20140712@111301-s","400","301"
"20140712@111301-xl","1000","751"
"20140712@112122-s","400","301"
"20140712@112122-xl","1000","751"
"20140712@112234-s","301","400"
"20140712@112234-xl","751","1000"
"20140803@194131-s","400","225"
"20140803@194131-xl","1000","563"
"20140808@223934-s","400","300"
"20140808@223934-xl","1000","751"
"20140808@225800-s","400","300"
"20140808@225800-xl","1000","751"
"20140808@230004-s","400","301"
"20140808@230004-xl","1000","751"
"20140808@231008-s","400","301"
"20140808@231008-xl","1000","751"
"20140808@231829-s","400","301"
"20140808@231829-xl","1000","752"
"20140811@064804-s","400","301"
"20140811@064804-xl","1000","751"
"20140811@064914-s","400","301"
"20140811@064914-xl","1000","751"
"20140811@081444-s","400","301"
"20140811@081444-xl","1000","751"
"20140825@143047-s","400","300"
"20140825@143047-xl","1000","751"
"20140825@145456-s","400","301"
"20140825@145456-xl","1000","751"
"20140825@145817-s","400","300"
"20140825@145817-xl","1000","750"
"20140825@153721-s","400","301"
"20140825@153721-xl","1000","751"
"20140913@190830-s","301","400"
"20140913@190830-xl","751","1000"
"20140914@153218-s","400","301"
"20140914@153218-xl","1000","751"
"20140914@153417-s","400","301"
"20140914@153417-xl","1000","751"
"20140914@153437-s","400","301"
"20140914@153437-xl","1000","751"
"20140914@154234-s","400","301"
"20140914@154234-xl","1000","751"
"20140920@181643-s","301","400"
"20140920@181643-xl","751","1000"
"20140920@181706-s","400","301"
"20140920@181706-xl","1000","752"
"20141228@155933-s","300","400"
"20141228@155933-xl","751","1000"
"20141228@160243-s","400","301"
"20141228@160243-xl","1000","751"
"20141229@112013-s","400","301"
"20141229@112013-xl","1000","751"
"20141229@121019-s","400","301"
"20141229@121019-xl","1000","751"
"20141229@121322-s","400","301"
"20141229@121322-xl","1000","751"
"20141229@155354-s","400","301"
"20141229@155354-xl","1000","751"
"20141229@155453-s","400","301"
"20141229@155453-xl","1000","751"
"20141230@112856-s","400","301"
"20141230@112856-xl","1000","751"
"20141230@114807-s","400","301"
"20141230@114807-xl","1000","751"
"20150103@155158-s","301","400"
"20150103@155158-xl","751","1000"
"20150103@160231-s","400","301"
"20150103@160231-xl","1000","751"
"20150103@160325-s","400","301"
"20150103@160325-xl","1000","751"
"20150103@160511-s","400","300"
"20150103@160511-xl","1000","751"
"20150103@160658-s","400","301"
"20150103@160658-xl","1000","751"
"20150103@162437-s","400","301"
"20150103@162437-xl","1000","751"
"20150103@164054-s","301","400"
"20150103@164054-xl","751","1000"
"20150530@114029-s","400","301"
"20150530@114029-xl","1000","751"
"20150530@114302-s","400","301"
"20150530@114302-xl","1000","751"
"20150530@114421-s","400","301"
"20150530@114421-xl","1000","751"
"20150613@151649-s","400","301"
"20150613@151649-xl","1000","751"
"20150613@152539-s","400","301"
"20150613@152539-xl","1000","751"
"20150613@152547-s","400","301"
"20150613@152547-xl","1000","751"
"20150714@101642-s","400","301"
"20150714@101642-xl","1000","751"
"20150714@102943-s","400","301"
"20150714@102943-xl","1000","751"
"20150714@103357-s","301","400"
"20150714@103357-xl","751","1000"
"20150714@103531-s","301","400"
"20150714@103531-xl","751","1000"
"20150714@103634-s","400","301"
"20150714@103634-xl","1000","751"
"20150714@115021-s","301","400"
"20150714@115021-xl","751","1000"
"20150714@115614-s","400","301"
"20150714@115614-xl","1000","751"
"20150714@120042-s","400","301"
"20150714@120042-xl","1000","751"
"20150714@120452-s","301","400"
"20150714@120452-xl","751","1000"
"20150821@052700-s","400","225"
"20150821@052700-xl","1000","563"
"20150821@053728-s","400","225"
"20150821@053728-xl","1000","563"
"20150821@055106-s","400","225"
"20150821@055106-xl","1000","563"
"20150821@055518-s","400","301"
"20150821@055518-xl","1000","751"
"20150821@061042-s","400","225"
"20150821@061042-xl","1000","562"
"20150821@061931-s","400","225"
"20150821@061931-xl","1000","562"
"20150821@062039-s","400","225"
"20150821@062039-xl","1000","562"
"20150821@062314-s","400","225"
"20150821@062314-xl","1000","562"
"20150821@063820-s","301","400"
"20150821@063820-xl","751","1000"
"20150821@064221-s","400","225"
"20150821@064221-xl","1000","563"
"20151108@191445-s","400","226"
"20151108@191445-xl","1000","565"
"20151108@192333-s","400","226"
"20151108@192333-xl","1000","565"
"20151108@192436-s","400","226"
"20151108@192436-xl","1000","565"
"20151108@193138-s","400","226"
"20151108@193138-xl","1000","565"
"20151108@193244-s","400","226"
"20151108@193244-xl","1000","565"
"20151122@170751-s","400","301"
"20151122@170751-xl","1000","751"
"20151122@170945-s","400","301"
"20151122@170945-xl","1000","751"
"20151122@171037-s","301","400"
"20151122@171037-xl","751","1000"
"20151122@171143-s","400","300"
"20151122@171143-xl","1000","751"
"20151122@171417-s","400","301"
"20151122@171417-xl","1000","751"
"20151122@172248-s","400","301"
"20151122@172248-xl","1000","751"
"20151122@172729-s","400","301"
"20151122@172729-xl","1000","751"
"20151122@173519-s","400","301"
"20151122@173519-xl","1000","751"
"20151122@174324-s","400","301"
"20151122@174324-xl","1000","751"
"20151122@174457-s","400","301"
"20151122@174457-xl","1000","751"
"20151219@100306-s","400","265"
"20151219@100306-xl","1000","662"
"20160109@163621-2-hdr-s","400","265"
"20160109@163621-2-hdr-xl","1000","663"
"20160110@151113-s","400","225"
"20160110@151113-xl","1000","563"
"20160110@153148-s","400","225"
"20160110@153148-xl","1000","563"
"20160110@161601-s","400","265"
"20160110@161601-xl","1000","663"
"20160110@162015-hdr-s","400","265"
"20160110@162015-hdr-xl","1000","663"
"20160110@170810-s","400","264"
"20160110@170810-xl","1000","659"
"20160110@171143-s","400","264"
"20160110@171143-xl","1000","658"
"20160131@141759-s","400","265"
"20160131@141759-xl","1000","663"
"20160131@142356-s","400","265"
"20160131@142356-xl","1000","663"
"20160131@142511-s","400","265"
"20160131@142511-xl","1000","662"
"20160131@143533-s","400","265"
"20160131@143533-xl","1000","663"
"20160131@150930-s","400","263"
"20160131@150930-xl","1000","656"
"20160131@153047-s","400","265"
"20160131@153047-xl","1000","662"
"20160417@182410-s","300","400"
"20160417@182410-xl","750","1000"
"20160417@183031-2-s","400","301"
"20160417@183031-2-xl","1000","751"
"20160417@184549-s","400","300"
"20160417@184549-xl","1000","750"
"20160417@185728-s","400","299"
"20160417@185728-xl","1000","747"
"20160507@153651-s","265","400"
"20160507@153651-xl","663","1000"
"20160507@153801-s","400","265"
"20160507@153801-xl","1000","663"
"20160507@154603-s","265","400"
"20160507@154603-xl","663","1000"
"20160507@154708-s","400","265"
"20160507@154708-xl","1000","663"
"20160507@154742-s","400","265"
"20160507@154742-xl","1000","663"
"20160507@154808-s","265","400"
"20160507@154808-xl","663","1000"
"20160507@154839-s","400","265"
"20160507@154839-xl","1000","663"
"20160522@133444-s","400","265"
"20160522@133444-xl","1000","662"
"20160522@133659-s","400","265"
"20160522@133659-xl","1000","662"
"20160522@140748-s","400","265"
"20160522@140748-xl","1000","663"
"20160522@140835-s","265","400"
"20160522@140835-xl","662","1000"
"20160522@142419-s","400","225"
"20160522@142419-xl","1000","562"
"20160522@143940-s","400","265"
"20160522@143940-xl","1000","663"
"20160529@200507-s","400","265"
"20160529@200507-xl","1000","663"
"20160529@212344-s","400","264"
"20160529@212344-xl","1000","660"
"20160529@212512-s","400","263"
"20160529@212512-xl","1000","658"
"20160529@212836-s","400","265"
"20160529@212836-xl","1000","662"
"20160529@213046-s","400","264"
"20160529@213046-xl","1000","658"
"20170107@134302-s","400","225"
"20170107@134302-xl","1000","562"
"20170107@135757-s","400","225"
"20170107@135757-xl","1000","562"
"20170107@142513-4-s","400","225"
"20170107@142513-4-xl","1000","562"
"20170226@114313-s","400","225"
"20170226@114313-xl","1000","563"
"20170226@114445-s","400","268"
"20170226@114445-xl","1000","668"
"20170226@114504-s","400","267"
"20170226@114504-xl","1000","668"
"20170226@114734-s","400","267"
"20170226@114734-xl","1000","668"
"20170226@115324-s","400","225"
"20170226@115324-xl","1000","563"
"20170506@121047-s","400","267"
"20170506@121047-xl","1000","668"
"20170611@131740-s","400","225"
"20170611@131740-xl","1000","562"
"20170611@131855-s","400","225"
"20170611@131855-xl","1000","562"
"20170611@141212-s","265","400"
"20170611@141212-xl","663","1000"
"20170611@141301-s","400","225"
"20170611@141301-xl","1000","562"
"20170618@124641-s","265","400"
"20170618@124641-xl","662","1000"
"20170618@125216-s","400","225"
"20170618@125216-xl","1000","562"
"20170618@125230-s","400","265"
"20170618@125230-xl","1000","663"
"20170618@130033-s","400","265"
"20170618@130033-xl","1000","663"
"20170618@130221-s","400","265"
"20170618@130221-xl","1000","663"
"20170916@175400-s","400","134"
"20170916@175400-xl","1000","334"
"20170916@181550-s","400","133"
"20170916@181550-xl","1000","333"
"20170917@181147-s","400","134"
"20170917@181147-xl","1000","334"
"20170917@182006-s","400","133"
"20170917@182006-xl","1000","333"
"20171202@104838-s","400","225"
"20171202@104838-xl","1000","563"
"20171202@105010-s","400","225"
"20171202@105010-xl","1000","563"
"20171202@105205-s","400","225"
"20171202@105205-xl","1000","563"
"20171202@105313-s","400","225"
"20171202@105313-xl","1000","563"
"20171202@110142-s","400","225"
"20171202@110142-xl","1000","563"
"20171202@111204-s","400","225"
"20171202@111204-xl","1000","563"
"20171206@155431-s","265","400"
"20171206@155431-xl","663","1000"
"20171206@155717-s","265","400"
"20171206@155717-xl","663","1000"
"20171206@155858-s","400","133"
"20171206@155858-xl","1000","333"
"20171206@160014-s","400","133"
"20171206@160014-xl","1000","333"
"20171206@160626-s","400","265"
"20171206@160626-xl","1000","663"
"20171206@160803-s","400","265"
"20171206@160803-xl","1000","663"
"20171206@160807-s","400","265"
"20171206@160807-xl","1000","663"
"20171206@161135-s","265","400"
"20171206@161135-xl","663","1000"
"20180104@161244-s","400","266"
"20180104@161244-xl","1000","665"
"20180228@123753-3602-s","400","266"
"20180228@123753-3602-xl","1000","665"
"20180228@125136-3624-s","400","266"
"20180228@125136-3624-xl","1000","665"
"20180228@125708-3636-s","400","224"
"20180228@125708-3636-xl","1000","562"
"20180228@131725-3664-s","264","399"
"20180228@131725-3664-xl","660","1000"
"20180930@160817-3869-s","400","264"
"20180930@160817-3869-xl","1000","662"
"20180930@171157-3951-s","400","262"
"20180930@171157-3951-xl","1000","657"
"20181007@175314-4126-s","400","224"
"20181007@175314-4126-xl","1000","561"
"20181102@150142-1070506-s","400","294"
"20181102@150142-1070506-xl","1000","736"
"20181102@153520-1070508-s","400","295"
"20181102@153520-1070508-xl","1000","739"
"20181102@153600-1070509-s","400","300"
"20181102@153600-1070509-xl","1000","750"
"20181111@174045-4150-s","400","225"
"20181111@174045-4150-xl","1000","562"
"20181111@174247-4155-s","400","224"
"20181111@174247-4155-xl","999","562"
"20190324@161014-4558-s","400","225"
"20190324@161014-4558-xl","999","562"
"20190324@163335-4607-s","400","224"
"20190324@163335-4607-xl","999","561"
"20190601@114016-1070991-s","266","400"
"20190601@114016-1070991-xl","667","1000"
"20190601@114142-1070998-s","400","266"
"20190601@114142-1070998-xl","1000","667"
"20190601@114727-1080013-s","267","400"
"20190601@114727-1080013-xl","667","999"
"20190601@114848-1080017-s","267","400"
"20190601@114848-1080017-xl","667","999"
"20190601@115233-1080024-s","400","267"
"20190601@115233-1080024-xl","1000","667"
"20190601@121826-1080038-s","267","400"
"20190601@121826-1080038-xl","667","1000"
"20191101@154841-s","264","399"
"20191101@154841-xl","661","1000"
"20191101@165149-s","400","267"
"20191101@165149-xl","999","667"
"20191101@165254-s","400","267"
"20191101@165254-xl","999","667"
"20191101@165324-s","400","267"
"20191101@165324-xl","1000","667"
"20191101@165357-s","400","267"
"20191101@165357-xl","1000","667"
"20191101@165556-s","265","400"
"20191101@165556-xl","663","1000"
"20191101@170003-s","266","400"
"20191101@170003-xl","667","1000"
"20191101@170037-s","263","399"
"20191101@170037-xl","659","1000"
"20191101@170413-s","263","400"
"20191101@170413-xl","657","1000"
"20191123@140556-1090025-hdr-s","266","400"
"20191123@140556-1090025-hdr-xl","666","1000"
"20191123@145358-1090123-hdr-s","400","305"
"20191123@145358-1090123-hdr-xl","1000","763"
"20200106@135039-4700-s","400","224"
"20200106@135039-4700-xl","1000","562"
"20200602@153257-1090634-s","400","264"
"20200602@153257-1090634-xl","1000","660"
"20200602@153418-1090637-s","400","264"
"20200602@153418-1090637-xl","1000","660"
"20200621@114804-1090704-s","399","300"
"20200621@114804-1090704-xl","1000","750"
"20200621@115214-1090712-s","399","300"
"20200621@115214-1090712-xl","1000","750"
"20210825@100334-1100484-s","400","228"
"20210825@100334-1100484-xl","1024","582"
"20210825@100752-1100493-s","400","301"
"20210825@100752-1100493-xl","1024","769"
"20210825@101009-1100498-s","301","400"
"20210825@101009-1100498-xl","769","1024"
"20210825@103540-1100524-s","400","347"
"20210825@103540-1100524-xl","1024","888"
"20210825@103718-1100526-s","400","301"
"20210825@103718-1100526-xl","1024","769"
"20210825@104036-1100529-s","395","400"
"20210825@104036-1100529-xl","1011","1024"
"20210825@104224-1100534-s","285","400"
"20210825@104224-1100534-xl","730","1024"
"20210825@111430-1100546-s","400","222"
"20210825@111430-1100546-xl","1024","569"
"20210825@111447-1100548-s","400","225"
"20210825@111447-1100548-xl","1024","576"
"20210825@120014-1100556-s","289","400"
"20210825@120014-1100556-xl","740","1024"
"20210825@120326-1100560-s","400","301"
"20210825@120326-1100560-xl","1024","769"
"20210825@120550-1100563-s","113","400"
"20210825@120550-1100563-xl","288","1024"
"20210825@122203-1100574-s","400","315"
"20210825@122203-1100574-xl","1024","806"
"20210825@122517-1100581-s","400","287"
"20210825@122517-1100581-xl","1024","734"
"20210825@122833-1100590-s","400","315"
"20210825@122833-1100590-xl","1024","806"
"20210825@151031-1100602-s","237","400"
"20210825@151031-1100602-xl","607","1024"
"20210825@151259-1100604-s","400","301"
"20210825@151259-1100604-xl","1024","769"
"20210825@151540-1100610-s","284","400"
"20210825@151540-1100610-xl","727","1024"
"20210825@151902-1100617-s","301","400"
"20210825@151902-1100617-xl","769","1024"
"20210825@152037-1100620-s","301","400"
"20210825@152037-1100620-xl","769","1024"
"20210825@152112-1100621-s","400","301"
"20210825@152112-1100621-xl","1024","769"
"20210825@152234-1100622-s","400","225"
"20210825@152234-1100622-xl","1024","576"
"20210825@152459-1100626-s","400","225"
"20210825@152459-1100626-xl","1024","576"
"20210825@153051-1100633-s","322","400"
"20210825@153051-1100633-xl","823","1024"
"20210825@153111-1100634-s","400","301"
"20210825@153111-1100634-xl","1024","769"
"20210825@154727-1100650-s","400","225"
"20210825@154727-1100650-xl","1024","576"
"20210825@155750-1100663-s","301","400"
"20210825@155750-1100663-xl","769","1024"
"20210825@161914-1100672-s","400","301"
"20210825@161914-1100672-xl","1024","769"
"20210825@161938-1100673-s","400","303"
"20210825@161938-1100673-xl","1024","775"
"20210825@162249-1100678-s","400","301"
"20210825@162249-1100678-xl","1024","769"
"20210825@164805-1100701-s","400","301"
"20210825@164805-1100701-xl","1024","769"
"20210826@100803-1100714-s","233","400"
"20210826@100803-1100714-xl","595","1024"
"20210826@101103-1100725-s","301","400"
"20210826@101103-1100725-xl","769","1024"
"20210826@101140-1100728-s","301","400"
"20210826@101140-1100728-xl","769","1024"
"20210826@101400-1100734-s","301","400"
"20210826@101400-1100734-xl","769","1024"
"20210826@101805-1100743-s","400","301"
"20210826@101805-1100743-xl","1024","769"
"20210826@101931-1100750-s","301","400"
"20210826@101931-1100750-xl","769","1024"
"20210826@102413-1100761-s","400","301"
"20210826@102413-1100761-xl","1024","769"
"20210826@102713-1100765-s","320","400"
"20210826@102713-1100765-xl","818","1024"
"20210826@102849-1100769-s","301","400"
"20210826@102849-1100769-xl","769","1024"
"20210826@103027-1100771-s","400","301"
"20210826@103027-1100771-xl","1024","769"
"20210826@113630-1100779-s","400","225"
"20210826@113630-1100779-xl","1024","576"
"20210826@113849-1100783-s","400","225"
"20210826@113849-1100783-xl","1024","576"
"20210826@115410-1100793-s","400","327"
"20210826@115410-1100793-xl","1024","837"
"20210826@144123-1100796-s","280","400"
"20210826@144123-1100796-xl","716","1024"
"20210826@150301-1100801-s","251","400"
"20210826@150301-1100801-xl","643","1024"
"20210826@150333-1100802-s","280","400"
"20210826@150333-1100802-xl","716","1024"
"20210826@150528-1100805-s","301","400"
"20210826@150528-1100805-xl","769","1024"
"20210826@150611-1100807-s","400","301"
"20210826@150611-1100807-xl","1024","769"
"20210826@150830-1100809-s","301","400"
"20210826@150830-1100809-xl","769","1024"
"20210826@150917-1100810-s","280","400"
"20210826@150917-1100810-xl","716","1024"
"20210826@151104-1100813-s","280","400"
"20210826@151104-1100813-xl","716","1024"
"20210826@151259-1100816-s","261","400"
"20210826@151259-1100816-xl","667","1024"
"20210826@151611-1100820-s","301","400"
"20210826@151611-1100820-xl","769","1024"
"20210826@151702-1100822-s","400","301"
"20210826@151702-1100822-xl","1024","769"
"20210826@152120-1100829-s","400","246"
"20210826@152120-1100829-xl","1024","629"
"20210827@112332-1100851-s","244","400"
"20210827@112332-1100851-xl","623","1024"
"20210827@113521-1100865-s","400","301"
"20210827@113521-1100865-xl","1024","769"
"20210827@114526-1100868-s","400","301"
"20210827@114526-1100868-xl","1024","769"
"20210827@115244-1100874-s","301","400"
"20210827@115244-1100874-xl","769","1024"
"20210827@115349-1100876-s","400","287"
"20210827@115349-1100876-xl","1024","733"
"20210827@115655-1100882-s","285","400"
"20210827@115655-1100882-xl","728","1024"
"20210827@115842-1100885-s","301","400"
"20210827@115842-1100885-xl","769","1024"
"20210827@120243-1100889-s","301","400"
"20210827@120243-1100889-xl","769","1024"
"20210827@133645-1100905-s","301","400"
"20210827@133645-1100905-xl","769","1024"
"20210827@133824-1100910-s","294","400"
"20210827@133824-1100910-xl","751","1024"
"20210827@134015-1100911-s","400","301"
"20210827@134015-1100911-xl","1024","769"
"20210827@134523-1100919-s","301","400"
"20210827@134523-1100919-xl","769","1024"
"20210827@134604-1100922-s","400","301"
"20210827@134604-1100922-xl","1024","769"
"20210827@135421-1100936-s","301","400"
"20210827@135421-1100936-xl","769","1024"
"20210827@140356-1100948-s","301","400"
"20210827@140356-1100948-xl","769","1024"
"20210827@145851-1100953-s","400","350"
"20210827@145851-1100953-xl","1024","896"
"20210827@150015-1100954-s","256","400"
"20210827@150015-1100954-xl","655","1024"
"20210827@150146-1100956-s","301","400"
"20210827@150146-1100956-xl","769","1024"
"20210827@150610-1100958-s","300","400"
"20210827@150610-1100958-xl","767","1024"
"20210827@152037-1100965-s","400","301"
"20210827@152037-1100965-xl","1024","769"
"20210828@152308-1110017-s","400","321"
"20210828@152308-1110017-xl","1024","820"
"20210828@152629-1110025-s","400","225"
"20210828@152629-1110025-xl","1024","576"
"20210828@152706-1110026-s","400","225"
"20210828@152706-1110026-xl","1024","575"
"20210828@153030-1110038-s","400","301"
"20210828@153030-1110038-xl","1024","769"
"20210828@153103-1110039-s","301","400"
"20210828@153103-1110039-xl","769","1024"
"20210828@153915-1110045-s","400","257"
"20210828@153915-1110045-xl","1024","658"
"20210828@154514-1110049-s","400","299"
"20210828@154514-1110049-xl","1024","766"
"20210828@154540-1110051-s","400","301"
"20210828@154540-1110051-xl","1024","769"
"20210828@154638-1110055-s","400","301"
"20210828@154638-1110055-xl","1024","769"
"20210828@155034-1110066-s","301","400"
"20210828@155034-1110066-xl","769","1024"
"20210828@155435-1110071-s","400","225"
"20210828@155435-1110071-xl","1024","576"
"20210829@101508-1110075-s","400","225"
"20210829@101508-1110075-xl","1024","576"
"20210829@104422-1110093-s","301","400"
"20210829@104422-1110093-xl","769","1024"
"20210829@104549-1110096-s","400","225"
"20210829@104549-1110096-xl","1024","577"
"20210829@105757-1110111-s","400","225"
"20210829@105757-1110111-xl","1024","576"
"20210829@140617-1110128-s","400","301"
"20210829@140617-1110128-xl","1024","769"
"20210829@140931-1110135-s","400","301"
"20210829@140931-1110135-xl","1024","769"
"20210829@141855-1110139-s","301","400"
"20210829@141855-1110139-xl","769","1024"
"20210829@142501-1110148-s","301","400"
"20210829@142501-1110148-xl","769","1024"
"20210829@142553-1110151-s","400","301"
"20210829@142553-1110151-xl","1024","769"
"20210829@143859-1110158-s","400","301"
"20210829@143859-1110158-xl","1024","769"
"20210829@144310-1110168-s","301","400"
"20210829@144310-1110168-xl","769","1024"
"20210829@145414-1110174-s","400","225"
"20210829@145414-1110174-xl","1024","576"
"20210829@150126-1110186-s","301","400"
"20210829@150126-1110186-xl","769","1024"
"20210829@150220-1110188-s","301","400"
"20210829@150220-1110188-xl","769","1024"
"20210829@150455-1110192-s","400","301"
"20210829@150455-1110192-xl","1024","769"
"20210829@150600-1110194-s","301","400"
"20210829@150600-1110194-xl","769","1024"
"20210829@150740-1110200-s","301","400"
"20210829@150740-1110200-xl","769","1024"
"20210829@152122-1110218-s","400","301"
"20210829@152122-1110218-xl","1024","769"
"20210829@164303-1110226-s","301","400"
"20210829@164303-1110226-xl","769","1024"
"20210829@164503-1110227-s","400","301"
"20210829@164503-1110227-xl","1024","769"
"20210830@100205-1110246-s","280","400"
"20210830@100205-1110246-xl","715","1024"
"20210830@100929-1110249-s","400","301"
"20210830@100929-1110249-xl","1024","769"
"20210830@101334-1110250-s","337","400"
"20210830@101334-1110250-xl","863","1024"
"20210830@110130-1110254-s","301","400"
"20210830@110130-1110254-xl","769","1024"
"20210830@110222-1110257-s","301","400"
"20210830@110222-1110257-xl","769","1024"
"20210830@110951-1110261-s","400","301"
"20210830@110951-1110261-xl","1024","769"
"20210830@111045-1110262-s","400","301"
"20210830@111045-1110262-xl","1024","769"
"20210830@112324-1110268-s","310","400"
"20210830@112324-1110268-xl","793","1024"
"20210830@112353-1110269-s","301","400"
"20210830@112353-1110269-xl","769","1024"
"20210830@112520-1110276-s","400","301"
"20210830@112520-1110276-xl","1024","769"
"20210830@123342-1110292-s","400","301"
"20210830@123342-1110292-xl","1024","769"
"20210830@123411-1110293-s","301","400"
"20210830@123411-1110293-xl","769","1024"
"20210830@123459-1110294-s","301","400"
"20210830@123459-1110294-xl","769","1024"
"20210830@124608-1110303-s","400","301"
"20210830@124608-1110303-xl","1024","769"
"20210830@124722-1110307-s","301","400"
"20210830@124722-1110307-xl","769","1024"
"20210830@124829-1110311-s","301","400"
"20210830@124829-1110311-xl","769","1024"
"20210830@124932-1110314-s","301","400"
"20210830@124932-1110314-xl","769","1024"
"20210830@125154-1110317-s","301","400"
"20210830@125154-1110317-xl","769","1024"
"20210830@142507-1110318-s","400","301"
"20210830@142507-1110318-xl","1024","769"
"20210830@142853-1110323-s","301","400"
"20210830@142853-1110323-xl","769","1024"
"20210830@142941-1110325-s","400","301"
"20210830@142941-1110325-xl","1024","769"
"20210830@143112-1110329-s","288","400"
"20210830@143112-1110329-xl","736","1024"
"20210830@144033-1110342-s","400","297"
"20210830@144033-1110342-xl","1024","760"
"20210830@144324-1110345-s","299","400"
"20210830@144324-1110345-xl","766","1024"
"20210830@144803-1110354-s","301","400"
"20210830@144803-1110354-xl","769","1024"
"20210830@144823-1110355-s","301","400"
"20210830@144823-1110355-xl","769","1024"
"20210830@144955-1110356-s","363","400"
"20210830@144955-1110356-xl","928","1024"
"20210830@145318-1110359-s","301","400"
"20210830@145318-1110359-xl","769","1024"
"20210830@145637-1110363-s","301","400"
"20210830@145637-1110363-xl","769","1024"
"20210830@145913-1110364-s","400","301"
"20210830@145913-1110364-xl","1024","769"
"20210830@150140-1110366-s","400","312"
"20210830@150140-1110366-xl","1024","798"
"20210831@125238-1110369-s","400","301"
"20210831@125238-1110369-xl","1024","769"
"20210831@125810-1110370-s","400","308"
"20210831@125810-1110370-xl","1024","788"
"20210831@131413-1110374-s","288","400"
"20210831@131413-1110374-xl","737","1024"
"20210831@131440-1110375-s","400","298"
"20210831@131440-1110375-xl","1024","763"
"20210831@131505-1110376-s","293","400"
"20210831@131505-1110376-xl","749","1024"
"20210831@131757-1110382-s","301","400"
"20210831@131757-1110382-xl","769","1024"
"20210831@133024-1110390-s","294","400"
"20210831@133024-1110390-xl","753","1024"
"20210831@164737-1110411-s","400","302"
"20210831@164737-1110411-xl","1024","772"
"20210831@164804-1110413-s","301","400"
"20210831@164804-1110413-xl","769","1024"
"20210831@165339-1110417-s","400","301"
"20210831@165339-1110417-xl","1024","769"
"20210831@165610-1110430-s","301","400"
"20210831@165610-1110430-xl","769","1024"
"20210831@165651-1110432-s","400","301"
"20210831@165651-1110432-xl","1024","769"
"20210831@170028-1110437-s","301","400"
"20210831@170028-1110437-xl","769","1024"
